"id";"Position";"Kategorie";"Status";"Mögliche (Grundlage)";"Küchenfragen";"Allergen A";"Allergen B";"Allergen C";"Allergen D";"Allergen E";"Allergen F";"Allergen G";"Allergen H";"Allergen I";"Allergen J";"Allergen K";"Allergen L";"Allergen M";"Allergen N";"Zusatz 1";"Zusatz 2";"Zusatz 3";"Zusatz 4";"Zusatz 5";"Zusatz 6";"Zusatz 7";"Zusatz 8";"Zusatz 9";"Zusatz 10";"Zusatz 11";"Zusatz 12";"Zusatz 13";"Kreuzkontakt-Hinweis";"Geprüft von";"Geprüft am";"Lieferanten-Etiketten abgelegt (ja/nein)"
"egusi-soup";"Egusi Soup";"Suppen";"pending";"";"Welche Fisch-/Krebstier-Zutaten (z. B. Crayfish, Stockfish) kommen hinein?";"";"";"";"";"";"";"";"";"";"";"";"";"";"";"";"";"";"";"";"";"";"";"";"";"";"";"";"";"";"";""
"afang-soup";"Afang Soup";"Suppen";"pending";"D: PM: „mit Fleisch und Fisch“";"";"";"";"";"";"";"";"";"";"";"";"";"";"";"";"";"";"";"";"";"";"";"";"";"";"";"";"";"";"";"";""
"edikaikong";"Edikaikong";"Suppen";"pending";"D: PM: „mit Fleisch und Fisch“";"";"";"";"";"";"";"";"";"";"";"";"";"";"";"";"";"";"";"";"";"";"";"";"";"";"";"";"";"";"";"";""
"ogbono-soup";"Ogbono Soup";"Suppen";"pending";"D: PM: „mit Fleisch und Fisch“";"";"";"";"";"";"";"";"";"";"";"";"";"";"";"";"";"";"";"";"";"";"";"";"";"";"";"";"";"";"";"";""
"ofe-nsala";"Ofe Nsala";"Suppen";"pending";"D: PM: „mit Wels“ | B: PM: „Krebstieren“";"";"";"";"";"";"";"";"";"";"";"";"";"";"";"";"";"";"";"";"";"";"";"";"";"";"";"";"";"";"";"";""
"okra-soup";"Okra Soup";"Suppen";"pending";"D: PM: „mit Fleisch und Fisch“";"";"";"";"";"";"";"";"";"";"";"";"";"";"";"";"";"";"";"";"";"";"";"";"";"";"";"";"";"";"";"";""
"banga-soup";"Banga Soup";"Suppen";"pending";"";"Keine Beschreibung vorhanden – vollständiges Rezept erfassen.";"";"";"";"";"";"";"";"";"";"";"";"";"";"";"";"";"";"";"";"";"";"";"";"";"";"";"";"";"";"";""
"efo-riro";"Efo Riro";"Suppen";"pending";"";"";"";"";"";"";"";"";"";"";"";"";"";"";"";"";"";"";"";"";"";"";"";"";"";"";"";"";"";"";"";"";""
"bitterleaf-soup";"Bitterleaf Soup";"Suppen";"pending";"B: PM: „Krebstieren“ | D: PM: „und Fisch“";"";"";"";"";"";"";"";"";"";"";"";"";"";"";"";"";"";"";"";"";"";"";"";"";"";"";"";"";"";"";"";""
"fishermans-soup";"Fisherman's Soup";"Suppen";"pending";"D: Name: „Fisherman’s Soup“ | B: Name: „Fisherman’s Soup“ – Meeresfrüchte prüfen | N: Name: „Fisherman’s Soup“ – Meeresfrüchte prüfen";"";"";"";"";"";"";"";"";"";"";"";"";"";"";"";"";"";"";"";"";"";"";"";"";"";"";"";"";"";"";"";""
"black-soup";"Black Soup";"Suppen";"pending";"";"Keine Beschreibung vorhanden – vollständiges Rezept erfassen.";"";"";"";"";"";"";"";"";"";"";"";"";"";"";"";"";"";"";"";"";"";"";"";"";"";"";"";"";"";"";""
"oha-soup";"Oha Soup";"Suppen";"pending";"";"Keine Beschreibung vorhanden – vollständiges Rezept erfassen.";"";"";"";"";"";"";"";"";"";"";"";"";"";"";"";"";"";"";"";"";"";"";"";"";"";"";"";"";"";"";""
"fried-rice";"Fried Rice";"Reis";"pending";"";"";"";"";"";"";"";"";"";"";"";"";"";"";"";"";"";"";"";"";"";"";"";"";"";"";"";"";"";"";"";"";""
"jollof-rice";"Jollof Rice";"Reis";"pending";"";"";"";"";"";"";"";"";"";"";"";"";"";"";"";"";"";"";"";"";"";"";"";"";"";"";"";"";"";"";"";"";""
"white-rice";"White Rice";"Reis";"pending";"";"„Eintopf oder Pfeffersuppe“ – Zutaten beider Varianten erfassen.";"";"";"";"";"";"";"";"";"";"";"";"";"";"";"";"";"";"";"";"";"";"";"";"";"";"";"";"";"";"";""
"coconut-rice";"Coconut Rice";"Reis";"pending";"";"Keine Beschreibung vorhanden – vollständiges Rezept erfassen.";"";"";"";"";"";"";"";"";"";"";"";"";"";"";"";"";"";"";"";"";"";"";"";"";"";"";"";"";"";"";""
"beans-plantain";"Beans & Plantain";"Bohnen, Yam & Kochbananen";"pending";"";"";"";"";"";"";"";"";"";"";"";"";"";"";"";"";"";"";"";"";"";"";"";"";"";"";"";"";"";"";"";"";""
"porridge-yam";"Porridge Yam";"Bohnen, Yam & Kochbananen";"pending";"";"";"";"";"";"";"";"";"";"";"";"";"";"";"";"";"";"";"";"";"";"";"";"";"";"";"";"";"";"";"";"";""
"fried-yam-egg-sauce";"Fried Yam & Egg Sauce";"Bohnen, Yam & Kochbananen";"pending";"C: PM / Name: „Tomaten-Ei-Sauce“";"";"";"";"";"";"";"";"";"";"";"";"";"";"";"";"";"";"";"";"";"";"";"";"";"";"";"";"";"";"";"";""
"assorted-plate";"Assorted Plate with Yam or Plantain";"Bohnen, Yam & Kochbananen";"pending";"";"";"";"";"";"";"";"";"";"";"";"";"";"";"";"";"";"";"";"";"";"";"";"";"";"";"";"";"";"";"";"";""
"suya";"Suya";"Spezialitäten";"pending";"";"Enthält die Suya-Gewürzmischung Erdnüsse? Marke/Rezept der Mischung?";"";"";"";"";"";"";"";"";"";"";"";"";"";"";"";"";"";"";"";"";"";"";"";"";"";"";"";"";"";"";""
"pepper-soup";"Pepper Soup";"Spezialitäten";"pending";"";"Welche Gewürzmischung? Mit Reis oder Yam – Beilagen erfassen.";"";"";"";"";"";"";"";"";"";"";"";"";"";"";"";"";"";"";"";"";"";"";"";"";"";"";"";"";"";"";""
"stockfish";"Stockfish";"Spezialitäten";"pending";"D: PM: „Getrockneter Kabeljau“";"";"";"";"";"";"";"";"";"";"";"";"";"";"";"";"";"";"";"";"";"";"";"";"";"";"";"";"";"";"";"";""
"snail";"Snail";"Spezialitäten";"pending";"N: PM: „Riesenschnecke“ (Weichtier)";"";"";"";"";"";"";"";"";"";"";"";"";"";"";"";"";"";"";"";"";"";"";"";"";"";"";"";"";"";"";"";""
"okpa";"Okpa";"Spezialitäten";"pending";"";"Keine Beschreibung vorhanden – vollständiges Rezept erfassen.";"";"";"";"";"";"";"";"";"";"";"";"";"";"";"";"";"";"";"";"";"";"";"";"";"";"";"";"";"";"";""
"abacha";"Abacha";"Spezialitäten";"pending";"";"Welche Zutaten (z. B. Ugba/Ölbohnen, Crayfish, Fisch) gehören dazu?";"";"";"";"";"";"";"";"";"";"";"";"";"";"";"";"";"";"";"";"";"";"";"";"";"";"";"";"";"";"";""
"nkwobi";"Nkwobi";"Spezialitäten";"pending";"J: PM: „scharfer Senfsauce“";"";"";"";"";"";"";"";"";"";"";"";"";"";"";"";"";"";"";"";"";"";"";"";"";"";"";"";"";"";"";"";""
"isiewu";"Isiewu";"Spezialitäten";"pending";"J: PM: „würziger Senfsauce“";"";"";"";"";"";"";"";"";"";"";"";"";"";"";"";"";"";"";"";"";"";"";"";"";"";"";"";"";"";"";"";""
"tilapia";"Tilapia";"Fisch";"pending";"D: Name / PM: Fisch";"„Mit Beilage“ – welche Beilagen (Pommes, Reis, Salat)? Frittieröl gemeinsam genutzt?";"";"";"";"";"";"";"";"";"";"";"";"";"";"";"";"";"";"";"";"";"";"";"";"";"";"";"";"";"";"";""
"fried-fish-plantain";"Fried Fish & Plantain";"Fisch";"pending";"D: Name / PM: „Gebratener Fisch“";"";"";"";"";"";"";"";"";"";"";"";"";"";"";"";"";"";"";"";"";"";"";"";"";"";"";"";"";"";"";"";""
"mackerel-fish-slices";"Mackerel Fish Slices";"Fisch";"pending";"";"";"";"";"";"";"";"";"";"";"";"";"";"";"";"";"";"";"";"";"";"";"";"";"";"";"";"";"";"";"";"";""
"extra-pounded-yam";"Extra Pounded Yam";"Extras";"pending";"";"Reines Yam-Produkt oder Fertigmehl? Etikett des Pounded-Yam-Mehls aufbewahren.";"";"";"";"";"";"";"";"";"";"";"";"";"";"";"";"";"";"";"";"";"";"";"";"";"";"";"";"";"";"";""
"extra-garri";"Extra Garri";"Extras";"pending";"";"";"";"";"";"";"";"";"";"";"";"";"";"";"";"";"";"";"";"";"";"";"";"";"";"";"";"";"";"";"";"";""
"extra-rice";"Extra Rice";"Extras";"pending";"";"";"";"";"";"";"";"";"";"";"";"";"";"";"";"";"";"";"";"";"";"";"";"";"";"";"";"";"";"";"";"";""
"extra-yam";"Extra Yam";"Extras";"pending";"";"";"";"";"";"";"";"";"";"";"";"";"";"";"";"";"";"";"";"";"";"";"";"";"";"";"";"";"";"";"";"";""
"guinness";"Guinness";"Bier";"pending";"A: Bier (Gerstenmalz) – Etikett prüfen";"";"";"";"";"";"";"";"";"";"";"";"";"";"";"";"";"";"";"";"";"";"";"";"";"";"";"";"";"";"";"";""
"krombacher";"Krombacher";"Bier";"pending";"A: Bier (Gerstenmalz) – Etikett prüfen";"";"";"";"";"";"";"";"";"";"";"";"";"";"";"";"";"";"";"";"";"";"";"";"";"";"";"";"";"";"";"";""
"warsteiner";"Warsteiner";"Bier";"pending";"A: Bier (Gerstenmalz) – Etikett prüfen";"";"";"";"";"";"";"";"";"";"";"";"";"";"";"";"";"";"";"";"";"";"";"";"";"";"";"";"";"";"";"";""
"becks";"Becks";"Bier";"pending";"A: Bier (Gerstenmalz) – Etikett prüfen";"";"";"";"";"";"";"";"";"";"";"";"";"";"";"";"";"";"";"";"";"";"";"";"";"";"";"";"";"";"";"";""
"diebels";"Diebels";"Bier";"pending";"A: Bier (Gerstenmalz) – Etikett prüfen";"";"";"";"";"";"";"";"";"";"";"";"";"";"";"";"";"";"";"";"";"";"";"";"";"";"";"";"";"";"";"";""
"desperados";"Desperados";"Bier";"pending";"A: Biermischgetränk – Etikett prüfen";"";"";"";"";"";"";"";"";"";"";"";"";"";"";"";"";"";"";"";"";"";"";"";"";"";"";"";"";"";"";"";""
"malzbier";"Malzbier";"Bier";"pending";"A: Malzgetränk (Gerstenmalz) – Etikett prüfen | 1: Malzbier – Farbstoff (Zuckerkulör)? Etikett prüfen";"";"";"";"";"";"";"";"";"";"";"";"";"";"";"";"";"";"";"";"";"";"";"";"";"";"";"";"";"";"";"";""
"heineken";"Heineken";"Bier";"pending";"A: Bier (Gerstenmalz) – Etikett prüfen";"";"";"";"";"";"";"";"";"";"";"";"";"";"";"";"";"";"";"";"";"";"";"";"";"";"";"";"";"";"";"";""
"cola-light";"Cola Light";"Softdrinks";"pending";"1: Cola-Getränk – Farbstoff? Etikett prüfen | 9: „Light“ – Süßungsmittel? Etikett prüfen | 10: Aspartam enthalten? Etikett prüfen | 12: Koffeingehalt > 150 mg/l? Etikett prüfen";"";"";"";"";"";"";"";"";"";"";"";"";"";"";"";"";"";"";"";"";"";"";"";"";"";"";"";"";"";"";"";""
"sprite";"Sprite";"Softdrinks";"pending";"9: Süßungsmittel? Etikett prüfen";"";"";"";"";"";"";"";"";"";"";"";"";"";"";"";"";"";"";"";"";"";"";"";"";"";"";"";"";"";"";"";""
"fanta";"Fanta";"Softdrinks";"pending";"1: Farbstoff? Etikett prüfen | 9: Süßungsmittel? Etikett prüfen";"";"";"";"";"";"";"";"";"";"";"";"";"";"";"";"";"";"";"";"";"";"";"";"";"";"";"";"";"";"";"";""
"red-bull";"Red Bull";"Softdrinks";"pending";"12: Energy Drink – Koffeingehalt laut Dose prüfen (Angabe mg/100 ml)";"";"";"";"";"";"";"";"";"";"";"";"";"";"";"";"";"";"";"";"";"";"";"";"";"";"";"";"";"";"";"";""
"water";"Wasser";"Softdrinks";"pending";"";"Welches Wasser (Marke)? Etikett prüfen.";"";"";"";"";"";"";"";"";"";"";"";"";"";"";"";"";"";"";"";"";"";"";"";"";"";"";"";"";"";"";""
"wine-glass";"Glas";"Wein";"pending";"L: Wein – „enthält Sulfite“ laut Etikett prüfen";"";"";"";"";"";"";"";"";"";"";"";"";"";"";"";"";"";"";"";"";"";"";"";"";"";"";"";"";"";"";"";""
"wine-sekt-bottle";"Wein / Sekt, Flasche";"Wein";"pending";"L: Wein/Sekt – „enthält Sulfite“ laut Etikett prüfen";"";"";"";"";"";"";"";"";"";"";"";"";"";"";"";"";"";"";"";"";"";"";"";"";"";"";"";"";"";"";"";""
"jack-daniels-glass";"Jack Daniel's";"Spirituosen";"pending";"1: Spirituose – Farbstoff (E150a)? Etikett prüfen";"";"";"";"";"";"";"";"";"";"";"";"";"";"";"";"";"";"";"";"";"";"";"";"";"";"";"";"";"";"";"";""
"hennessy-glass";"Hennessy";"Spirituosen";"pending";"1: Cognac – Farbstoff (E150a)? Etikett prüfen";"";"";"";"";"";"";"";"";"";"";"";"";"";"";"";"";"";"";"";"";"";"";"";"";"";"";"";"";"";"";"";""
"vodka-glass";"Wodka";"Spirituosen";"pending";"";"Welche Marke? Etikett prüfen.";"";"";"";"";"";"";"";"";"";"";"";"";"";"";"";"";"";"";"";"";"";"";"";"";"";"";"";"";"";"";""
"baileys-glass";"Baileys Cream";"Spirituosen";"pending";"G: Sahnelikör – „enthält Milch“ laut Etikett prüfen";"";"";"";"";"";"";"";"";"";"";"";"";"";"";"";"";"";"";"";"";"";"";"";"";"";"";"";"";"";"";"";""
"liqueur-glass";"Likör";"Spirituosen";"pending";"";"Welcher Likör genau? Produkt benennen und Etikett prüfen.";"";"";"";"";"";"";"";"";"";"";"";"";"";"";"";"";"";"";"";"";"";"";"";"";"";"";"";"";"";"";""
"chivas-glass";"Chivas Regal";"Spirituosen";"pending";"1: Whisky – Farbstoff (E150a)? Etikett prüfen";"";"";"";"";"";"";"";"";"";"";"";"";"";"";"";"";"";"";"";"";"";"";"";"";"";"";"";"";"";"";"";""
"chantre-glass";"Chantre";"Spirituosen";"pending";"1: Weinbrand – Farbstoff? Etikett prüfen";"";"";"";"";"";"";"";"";"";"";"";"";"";"";"";"";"";"";"";"";"";"";"";"";"";"";"";"";"";"";"";""
"hennessy-bottle";"Hennessy";"Flaschen";"pending";"1: Cognac – Farbstoff (E150a)? Etikett prüfen";"";"";"";"";"";"";"";"";"";"";"";"";"";"";"";"";"";"";"";"";"";"";"";"";"";"";"";"";"";"";"";""
"jack-daniels-bottle";"Jack Daniel's";"Flaschen";"pending";"1: Spirituose – Farbstoff (E150a)? Etikett prüfen";"";"";"";"";"";"";"";"";"";"";"";"";"";"";"";"";"";"";"";"";"";"";"";"";"";"";"";"";"";"";"";""
"chantre-bottle";"Chantre";"Flaschen";"pending";"1: Weinbrand – Farbstoff? Etikett prüfen";"";"";"";"";"";"";"";"";"";"";"";"";"";"";"";"";"";"";"";"";"";"";"";"";"";"";"";"";"";"";"";""
"moet-imperial-bottle";"Champagne Moët Impérial";"Flaschen";"pending";"L: Champagner – „enthält Sulfite“ laut Etikett prüfen";"";"";"";"";"";"";"";"";"";"";"";"";"";"";"";"";"";"";"";"";"";"";"";"";"";"";"";"";"";"";"";""
"moet-rose-bottle";"Rosé Moët";"Flaschen";"pending";"L: Champagner – „enthält Sulfite“ laut Etikett prüfen";"";"";"";"";"";"";"";"";"";"";"";"";"";"";"";"";"";"";"";"";"";"";"";"";"";"";"";"";"";"";"";""
"ciroc-bottle";"Ciroc";"Flaschen";"pending";"";"";"";"";"";"";"";"";"";"";"";"";"";"";"";"";"";"";"";"";"";"";"";"";"";"";"";"";"";"";"";"";""
